personaje,concepto,sentimiento,score_medio,n
jara,constitucion,negativo,-0.414,1
jara,corrupcion,positivo,0.523,1
jara,costodevida,positivo,0.478,1
jara,economia,negativo,-0.712,1
jara,educacion,positivo,0.578,1
jara,genero,positivo,0.504,1
jara,migracion,negativo,-0.663,1
jara,probidad,negativo,-0.434,1
jara,salud,positivo,0.506,1
jara,seguridad,negativo,-0.828,1
kaiser,constitucion,negativo,-0.598,1
kaiser,corrupcion,negativo,-0.311,1
kaiser,costodevida,positivo,0.476,1
kaiser,economia,negativo,-0.682,1
kaiser,educacion,negativo,-0.48,1
kaiser,genero,negativo,-0.494,1
kaiser,migracion,negativo,-0.575,1
kaiser,probidad,negativo,-0.365,1
kaiser,salud,negativo,-0.128,1
kaiser,seguridad,negativo,-0.739,1
kast,constitucion,negativo,-0.584,1
kast,corrupcion,negativo,-0.658,1
kast,costodevida,positivo,0.563,1
kast,economia,positivo,0.589,1
kast,educacion,negativo,-0.751,1
kast,genero,negativo,-0.636,1
kast,migracion,positivo,0.608,1
kast,probidad,negativo,-0.457,1
kast,salud,negativo,-0.631,1
kast,seguridad,positivo,0.647,1
matthei,constitucion,negativo,-0.466,1
matthei,corrupcion,negativo,-0.756,1
matthei,costodevida,positivo,0.481,1
matthei,economia,negativo,-0.715,1
matthei,educacion,negativo,-0.659,1
matthei,genero,positivo,0.545,1
matthei,migracion,negativo,-0.603,1
matthei,probidad,negativo,-0.415,1
matthei,salud,positivo,0.528,1
matthei,seguridad,negativo,-0.779,1
parisi,constitucion,neutro,-0.023,1
parisi,corrupcion,positivo,0.56,1
parisi,costodevida,neutro,-0.004,1
parisi,economia,positivo,0.69,1
parisi,educacion,positivo,0.537,1
parisi,genero,positivo,0.108,1
parisi,migracion,positivo,0.544,1
parisi,probidad,neutro,0.039,1
parisi,salud,positivo,0.38,1
parisi,seguridad,positivo,0.765,1
